Tick,Total Mass,Average Mass,Total Distance,Average Distance,Hedgehog Count
60,728.6110042319219,728.6110042319219,37.652621190323686,37.652621190323686,1
